{"firstSpotTrade":"首次現貨交易","firstFutureTrade":"首次合約交易","newSteps":"新手上路","tradeHigher":"交易高手","spotLimit":"首次現貨有效交易，且交易額>1,000USDT","futureLimit":"首次合約有效交易，且交易額>1,000USDT","tradeVolume1":"30日內累計合約交易>5,000USDT","tradeVolume2":"30日內累計合約交易>50,000USDT","loginCheck":"登陸查看專屬任務","cash":"現金","tradeNow":"去交易","rewardBenefit":"福利獎勵","notStart":"未開始","going":"進行中","ended":"結束","startTime":"開始時間","willStart":"距開始","endTime":"結束時間","untilEnd":"距結束","deadLine":"截止時間","mainTitle":"福利中心","mainDesc":"您財富自由路上的加油站","tasksWelfare":"任務福利","myWelfare":"我的福利","expiryDate":"有效期","newcomer":"新人福利","newcomerDesc":"每位用户限领1次，完成新手任务可获得奖励","exclusive":"專享福利","exclusiveDesc":"每位用戶限領1次，完成新手任務可獲得獎勵","spotWelfare":"現貨交易福利","spotWelfareDesc":"每位用戶限領1次，完成交易條件可獲得獎勵","futuresWelfare":"合約交易福利","futuresWelfareDesc":"每位用戶限領1次，完成交易條件可獲得獎勵","rewards":"獎勵","coupon":"合約體驗金","benefits":"理財體驗金","benefitsSim":"理財體驗金","trialFunds":"禮包","experience":"立即體驗","fCouponTotal":"合約體驗金（總計）","all":"全部","unreceived":"未領取","received":"已領取","expired":"已過期","time":"時間","award":"獎勵","type":"類型","status":"狀態","noData":"暫無記錄","notice":"注意事項","kycVerify":"請您前往Bitrue網頁版Bitrue.com，進入個人中心完成KYC身份認證或綁定手機號碼。","gotIt":"我知道了","verify":"立即認證","deposit":"立即充值","faq":"問答","question":[{"title":"1、如何獲取體驗金？","content":"用戶註冊成功即可獲得新人任務領取資格，完成相應任務即可獲得相應的體驗金。交易任務中的體驗金需要領取後完成任務即可獲得體驗金。體驗金不能提現，但使用體驗金可進行交易，參與Yield Farming獲得的盈利可提現。"},{"title":"2、什麼情況會導致任務不可參與？","content":"新手任務需完成KYC Lv.2認證才可參與<br />任務有效期為領取後30天，請在任務到期前完成，否則將視為失敗；<br />理財體驗金請在獎勵發放7天內使用，過期將無法進行使用。<br />合約體驗金兌換券請在獎勵發放7天內兌換，過期將無法進行兌換，兌換成功後長期有效。<br />首充任務禁止平台內互相轉賬，否則完成任務無法得到獎勵。<br />平台會嚴格審核領獎資質，作弊行為將會觸發風控策略，導致任務不可參與。"},{"title":"3、如何查看我已得到的獎勵？","content":"獎勵將在完成任務7日內發放至您的賬戶，請在我的福利中查詢。理財體驗金可直接使用，合約體驗金需要兌換後使用。"},{"title":"4、首充對幣對有什麼要求？","content":"充值幣對的單價需大於等於1USDT"},{"title":"5、什麼是有效交易？","content":"在合約交易區持倉至少一小時，且淨劃轉（轉入金額-轉出金額）大於10USDT即可視為有效交易。如不滿足任意一條則任務中有效交易任務無法達成。福利中心的首次現貨交易任務/首次合約交易任務/現貨交易福利/合約交易福利均需要用戶發生有效充值後才進行交易額統計"},{"title":"6、什麼是理財體驗金？理財體驗金怎麼使用？","content":"理財體驗金主要用於我們平台的理財產品，以增加您的潛在利潤。<br /> 以下是如何充分利用它們：<br /> - 領取您的理財體驗金後，請前往我們的機槍池頁面，找到“USDTRIAL”，然後開始質押。<br /> - 質押期結束後，您的理財體驗金將被系統回收，期間積累的收益將轉化為實際利潤。<br /> - 您可以靈活地將質押產生的收益用於交易或提現。 <br /> <a href='https://support.bitrue.com/hc/en-001/articles/22222118271769-Maximizing-Trial-Funds-on-Bitrue-A-Step-by-Step-Guide-to-Claiming-and-Utilizing-Staking-and-Futures-Trial-Funds' target='_blank' > 查看更多> </a>"},{"title":"7、什麼是合約體驗金？合約體驗金怎麼使用？","content":"合約體驗金專為期貨交易而設計，旨在提升您的交易資金。<br /> 請遵循以下步驟來最大化他們的收益：<br /> - 當您領取了合約體驗金，請導航至合約交易頁面; <br /> - 選擇您想要的合約幣對; <br /> - 下單時，您可以選擇使用合約體驗金來補充您的交易資金; <br /> - 合約體驗金的收益可用於交易或提現。 <br /> <a href='https://support.bitrue.com/hc/en-001/articles/22222118271769-Maximizing-Trial-Funds-on-Bitrue-A-Step-by-Step-Guide-to-Claiming-and-Utilizing-Staking-and-Futures-Trial-Funds' target='_blank'>查看更多> </a>"},{"title":"8、福利中心特別說明","content":"Bitrue將嚴格審核用戶的參與資質，賬戶或設備存在疑似作弊行為將觸發風控策略失去參與資格。嚴禁嚴重作弊行為可能導致您的賬戶被凍結。<br />福利中心任務不對英國及越南用戶開放，任務獎勵也不對英國及越南用戶發放。<br />本活動最終解釋權歸 Bitrue所有，平台將保留根據市場情況隨時調整任務以及獎勵的權利。<br />更多詳細規則請查看 <a href='https://bitrue.zendesk.com/hc/en-001/articles/4415851613337-Trial-Fund-Rules' target='_blank'>Bitrue福利中心規則說明</a>"}],"timeLimitedTasks":"限時任務","timelimitedDeposit":"限時充值任務","timelimitedBenefit":"限時領取福利","stakingInYF":"去機槍池完成質押","kycVerification":"實名認證任務","completeKycVer":"完成實名認證","redeem":"立即領取","farmNow":"立即理財","licaiExclusiveDesc":"每位用戶限領1次，完成任務可獲得獎勵","licaiExclusiveDesc1":"每位用戶限領1次","hotEvents":"熱門活動","hotEventsIntroduction":"立即參加","hotEventsEnded":"活動已結束","loginNow":"立即登陸","loginTips":"登陸查看專屬任務","hotEventsDesc":"每位用戶限領1次，完成新手任務可獲得獎勵","futures":{"title":"開通合約","explain":"合約交易風險很高。在進行合約交易前，您應當充分了解合約交易的機製 和其高度風險，如有所需您應向專家進行咨詢以獲取足夠的合約交易知識。您應當總是仔細考慮是否 具備合約交易能力（包括但不限於豐富的投資經驗和知識，穩健的財務能力，和高度的風險意識）並 確認您可以自行承擔進行合約交易的高度風險。您應當認識到，合約交易本身並未有受到任何國家監 管，可能面臨無法被當前官方認可及受任何法律規製的風險，是以風險發生時，您的權利可能無法訴 諸保障，因此產生的所有損失和風險將由您自行承擔，任何個人或實體並不承擔相應責任。","explainAgr":"您應該對合約業務本身及高度風險有充分認識，並在使用前仔細閱讀《Bitrue 合約服務協議》","agree":"我已閱讀並同意","ageFile":"https://www.bitrue.com/static/futures-agreement/BitrueFuturesServiceAgreement-zh_TW.pdf","agreeLink":"《Bitrue合約用戶協議》","btn":"確定開通交易","cancel":"取消"},"loading":"加載中...","Unverified":"未認證","DistributionFailed":"發獎失敗","btnTxt":"去領取","marketingCopy":"新人大禮包限時領取","marketNum":"1000 USDT","riskControlTips":"當前功能不對您所在地區的開放","rewards_seo":{"keywords":"Bitrue獎勵，BTR空投，加密貨幣回饋，交易獎金","title":"賺取加密貨幣獎勵 | BTR代幣及更多 | Bitrue","description":"透過Bitrue的獎勵計畫免費賺取BTR和其他加密代幣，包括代幣空投、回饋獎勵、交易獎金等。"},"openFuturetrial":"體驗金指引","hotEventBlock":{"subTitle":"贏取豐富利潤與獨特獎勵","copyTradingBenefits":"跟單交易福利","becomeTrader":"首次成為交易員","becomeCopyTrader":"首次成為跟單交易員","seasonedTrader":"帶單高手","copyTradingProfit":"帶單盈利金額","firstCopyTrade":"首次跟單","followOrderVolume":"跟隨交易員開單交易額"},"hotEvent_seo":{"keywords":"Bitrue獎勵，BTR空投，加密貨幣回饋，交易獎金","title":"賺取加密貨幣獎勵 | BTR代幣及更多 | Bitrue","description":"透過Bitrue的獎勵計畫免費賺取BTR和其他加密代幣，包括代幣空投、回饋獎勵、交易獎金等。"},"kycTip":"請完成 KYC 驗證流程以获取 Bitrue 的產品和服務","useBy":"有效期","date":1728383016925}